processRunId,scenario,provider,fork,block,orderPosition,phase,analysisSet,cycleObservationCount,blockValid,semanticGatePassed,performanceComparisonEligible,includedInPerformanceSummary,redeployReadyAllCycles,observedMedian_operationsPerSecond,comparisonMedian_operationsPerSecond,observedMedian_readOperationsPerSecond,comparisonMedian_readOperationsPerSecond,observedMedian_fillOperationsPerSecond,comparisonMedian_fillOperationsPerSecond,observedMedian_latencyP50Nanos,comparisonMedian_latencyP50Nanos,observedMedian_latencyP95Nanos,comparisonMedian_latencyP95Nanos,observedMedian_latencyP99Nanos,comparisonMedian_latencyP99Nanos,observedMedian_measuredLatencySamples,comparisonMedian_measuredLatencySamples
article1-unified-v4-2-fb3f101b-20260903-000401-default-f01-p1-caffeine,default,caffeine,1,1,1,initial,primary-all-cycles,5,True,True,True,True,True,25185288.95959526,25185288.95959526,25185288.95959526,25185288.95959526,1384144.9244028488,1384144.9244028488,150.0,150.0,320.0,320.0,521.0,521.0,1968496.0,1968496.0
article1-unified-v4-2-fb3f101b-20260903-000401-default-f01-p1-caffeine,default,caffeine,1,1,1,redeploy,primary-all-cycles,5,True,True,True,True,True,24719726.27702385,24719726.27702385,24719726.27702385,24719726.27702385,1254486.5142072479,1254486.5142072479,141.0,141.0,301.0,301.0,501.0,501.0,1932772.0,1932772.0
article1-unified-v4-2-fb3f101b-20260903-000401-default-f01-p1-caffeine,default,caffeine,1,1,1,initial,sensitivity-without-cycle-1,4,True,True,True,True,True,24926089.869929843,24926089.869929843,24926089.869929843,24926089.869929843,1496836.6491078646,1496836.6491078646,145.5,145.5,315.5,315.5,521.0,521.0,1948292.0,1948292.0
article1-unified-v4-2-fb3f101b-20260903-000401-default-f01-p1-caffeine,default,caffeine,1,1,1,redeploy,sensitivity-without-cycle-1,4,True,True,True,True,True,24600905.96585791,24600905.96585791,24600905.96585791,24600905.96585791,1322855.1702088967,1322855.1702088967,145.5,145.5,306.0,306.0,506.0,506.0,1923286.0,1923286.0
article1-unified-v4-2-fb3f101b-20260903-000401-default-f01-p2-ehcache,default,ehcache,1,1,2,initial,primary-all-cycles,5,True,True,True,True,True,23482757.92055727,23482757.92055727,23482757.92055727,23482757.92055727,1521626.0339258697,1521626.0339258697,180.0,180.0,311.0,311.0,561.0,561.0,1835364.0,1835364.0
article1-unified-v4-2-fb3f101b-20260903-000401-default-f01-p2-ehcache,default,ehcache,1,1,2,redeploy,primary-all-cycles,5,True,True,True,True,True,23507840.561815243,23507840.561815243,23507840.561815243,23507840.561815243,1705701.0670183594,1705701.0670183594,171.0,171.0,310.0,310.0,541.0,541.0,1838144.0,1838144.0
article1-unified-v4-2-fb3f101b-20260903-000401-default-f01-p2-ehcache,default,ehcache,1,1,2,initial,sensitivity-without-cycle-1,4,True,True,True,True,True,23240765.439484768,23240765.439484768,23240765.439484768,23240765.439484768,1703693.505540975,1703693.505540975,180.0,180.0,320.5,320.5,566.0,566.0,1816598.0,1816598.0
article1-unified-v4-2-fb3f101b-20260903-000401-default-f01-p2-ehcache,default,ehcache,1,1,2,redeploy,sensitivity-without-cycle-1,4,True,True,True,True,True,24754518.914448567,24754518.914448567,24754518.914448567,24754518.914448567,1638695.5451916049,1638695.5451916049,166.0,166.0,295.5,295.5,521.0,521.0,1935204.0,1935204.0
article1-unified-v4-2-fb3f101b-20260903-000401-default-f01-p3-nostore,default,nostore,1,1,3,initial,primary-all-cycles,5,True,True,False,False,True,100243896.25827317,,100243896.25827317,,12799819.778537517,,40.0,,170.0,,291.0,,7840492.0,
article1-unified-v4-2-fb3f101b-20260903-000401-default-f01-p3-nostore,default,nostore,1,1,3,redeploy,primary-all-cycles,5,True,True,False,False,True,97940439.87647513,,97940439.87647513,,13112432.552925056,,40.0,,170.0,,301.0,,7661296.0,
article1-unified-v4-2-fb3f101b-20260903-000401-default-f01-p3-nostore,default,nostore,1,1,3,initial,sensitivity-without-cycle-1,4,True,True,False,False,True,100052656.69567037,,100052656.69567037,,14454967.821245406,,40.0,,170.0,,291.0,,7828214.0,
article1-unified-v4-2-fb3f101b-20260903-000401-default-f01-p3-nostore,default,nostore,1,1,3,redeploy,sensitivity-without-cycle-1,4,True,True,False,False,True,100258093.68512943,,100258093.68512943,,13155682.775590738,,40.0,,170.5,,296.0,,7846638.0,
article1-unified-v4-2-fb3f101b-20260903-000401-default-f01-p4-cache2k,default,cache2k,1,1,4,initial,primary-all-cycles,5,True,True,True,True,True,30183092.686770067,30183092.686770067,30183092.686770067,30183092.686770067,1652070.895648759,1652070.895648759,150.0,150.0,330.0,330.0,511.0,511.0,2360328.0,2360328.0
article1-unified-v4-2-fb3f101b-20260903-000401-default-f01-p4-cache2k,default,cache2k,1,1,4,redeploy,primary-all-cycles,5,True,True,True,True,True,29802588.72899847,29802588.72899847,29802588.72899847,29802588.72899847,1488542.4653627332,1488542.4653627332,150.0,150.0,341.0,341.0,531.0,531.0,2329524.0,2329524.0
article1-unified-v4-2-fb3f101b-20260903-000401-default-f01-p4-cache2k,default,cache2k,1,1,4,initial,sensitivity-without-cycle-1,4,True,True,True,True,True,29637678.91076956,29637678.91076956,29637678.91076956,29637678.91076956,1580766.9084749399,1580766.9084749399,150.0,150.0,335.5,335.5,516.0,516.0,2329482.0,2329482.0
article1-unified-v4-2-fb3f101b-20260903-000401-default-f01-p4-cache2k,default,cache2k,1,1,4,redeploy,sensitivity-without-cycle-1,4,True,True,True,True,True,29568973.50057646,29568973.50057646,29568973.50057646,29568973.50057646,1599940.090202576,1599940.090202576,150.0,150.0,341.0,341.0,541.0,541.0,2311316.0,2311316.0
article1-unified-v4-2-fb3f101b-20260903-000401-default-f01-p5-jcs321,default,jcs321,1,1,5,initial,primary-all-cycles,5,True,True,False,False,True,2352356.5641239956,,2352356.5641239956,,3402952.060912842,,411.0,,1072.0,,212126.0,,183808.0,
article1-unified-v4-2-fb3f101b-20260903-000401-default-f01-p5-jcs321,default,jcs321,1,1,5,redeploy,primary-all-cycles,5,True,True,False,False,True,2244704.4706340367,,2244704.4706340367,,3536868.315318884,,441.0,,1092.0,,216315.0,,175400.0,
article1-unified-v4-2-fb3f101b-20260903-000401-default-f01-p5-jcs321,default,jcs321,1,1,5,initial,sensitivity-without-cycle-1,4,True,True,False,False,True,2424934.2762851985,,2424934.2762851985,,3421628.5460590646,,386.0,,1052.0,,209991.5,,189474.0,
article1-unified-v4-2-fb3f101b-20260903-000401-default-f01-p5-jcs321,default,jcs321,1,1,5,redeploy,sensitivity-without-cycle-1,4,True,True,False,False,True,2399203.0042558853,,2399203.0042558853,,3513249.9609447205,,395.5,,1032.0,,211269.5,,187468.0,
article1-unified-v4-2-fb3f101b-20260903-000401-default-f01-p6-jcs4,default,jcs4,1,1,6,initial,primary-all-cycles,5,True,True,True,True,True,931353.8599180455,931353.8599180455,931353.8599180455,931353.8599180455,3301037.086821567,3301037.086821567,471.0,471.0,1984.0,1984.0,287550.0,287550.0,72788.0,72788.0
article1-unified-v4-2-fb3f101b-20260903-000401-default-f01-p6-jcs4,default,jcs4,1,1,6,redeploy,primary-all-cycles,5,True,True,True,True,True,905712.8277679406,905712.8277679406,905712.8277679406,905712.8277679406,3741586.574888042,3741586.574888042,491.0,491.0,2315.0,2315.0,277051.0,277051.0,70780.0,70780.0
article1-unified-v4-2-fb3f101b-20260903-000401-default-f01-p6-jcs4,default,jcs4,1,1,6,initial,sensitivity-without-cycle-1,4,True,True,True,True,True,960137.6224710112,960137.6224710112,960137.6224710112,960137.6224710112,3485974.336641549,3485974.336641549,446.0,446.0,1973.5,1973.5,280211.0,280211.0,75032.0,75032.0
article1-unified-v4-2-fb3f101b-20260903-000401-default-f01-p6-jcs4,default,jcs4,1,1,6,redeploy,sensitivity-without-cycle-1,4,True,True,True,True,True,932212.9494311643,932212.9494311643,932212.9494311643,932212.9494311643,3730929.122906945,3730929.122906945,481.0,481.0,2149.5,2149.5,275688.0,275688.0,72848.0,72848.0
article1-unified-v4-2-fb3f101b-20260903-000401-default-f02-p1-ehcache,default,ehcache,2,2,1,initial,primary-all-cycles,5,True,True,True,True,True,22715674.281386904,22715674.281386904,22715674.281386904,22715674.281386904,1347854.5794302835,1347854.5794302835,180.0,180.0,321.0,321.0,561.0,561.0,1778040.0,1778040.0
article1-unified-v4-2-fb3f101b-20260903-000401-default-f02-p1-ehcache,default,ehcache,2,2,1,redeploy,primary-all-cycles,5,True,True,True,True,True,22523030.08161541,22523030.08161541,22523030.08161541,22523030.08161541,1438267.198691292,1438267.198691292,181.0,181.0,331.0,331.0,591.0,591.0,1760500.0,1760500.0
article1-unified-v4-2-fb3f101b-20260903-000401-default-f02-p1-ehcache,default,ehcache,2,2,1,initial,sensitivity-without-cycle-1,4,True,True,True,True,True,22863032.61189495,22863032.61189495,22863032.61189495,22863032.61189495,1478954.5237864703,1478954.5237864703,180.0,180.0,320.5,320.5,556.0,556.0,1798966.0,1798966.0
article1-unified-v4-2-fb3f101b-20260903-000401-default-f02-p1-ehcache,default,ehcache,2,2,1,redeploy,sensitivity-without-cycle-1,4,True,True,True,True,True,21856122.333359793,21856122.333359793,21856122.333359793,21856122.333359793,1415595.1706158817,1415595.1706158817,181.0,181.0,331.0,331.0,591.0,591.0,1711364.0,1711364.0
article1-unified-v4-2-fb3f101b-20260903-000401-default-f02-p2-cache2k,default,cache2k,2,2,2,initial,primary-all-cycles,5,True,True,True,True,True,29102944.012429234,29102944.012429234,29102944.012429234,29102944.012429234,1473344.4727997773,1473344.4727997773,150.0,150.0,340.0,340.0,531.0,531.0,2274816.0,2274816.0
article1-unified-v4-2-fb3f101b-20260903-000401-default-f02-p2-cache2k,default,cache2k,2,2,2,redeploy,primary-all-cycles,5,True,True,True,True,True,29544166.822933957,29544166.822933957,29544166.822933957,29544166.822933957,2326946.7178067504,2326946.7178067504,150.0,150.0,330.0,330.0,521.0,521.0,2309244.0,2309244.0
article1-unified-v4-2-fb3f101b-20260903-000401-default-f02-p2-cache2k,default,cache2k,2,2,2,initial,sensitivity-without-cycle-1,4,True,True,True,True,True,28960541.98925658,28960541.98925658,28960541.98925658,28960541.98925658,1627956.58070517,1627956.58070517,150.5,150.5,340.5,340.5,536.0,536.0,2263670.0,2263670.0
article1-unified-v4-2-fb3f101b-20260903-000401-default-f02-p2-cache2k,default,cache2k,2,2,2,redeploy,sensitivity-without-cycle-1,4,True,True,True,True,True,30029587.742185432,30029587.742185432,30029587.742185432,30029587.742185432,2339733.604130111,2339733.604130111,145.5,145.5,325.5,325.5,511.0,511.0,2347312.0,2347312.0
article1-unified-v4-2-fb3f101b-20260903-000401-default-f02-p3-caffeine,default,caffeine,2,2,3,initial,primary-all-cycles,5,True,True,True,True,True,27118600.83305417,27118600.83305417,27118600.83305417,27118600.83305417,1506356.2207089034,1506356.2207089034,140.0,140.0,280.0,280.0,481.0,481.0,2119596.0,2119596.0
article1-unified-v4-2-fb3f101b-20260903-000401-default-f02-p3-caffeine,default,caffeine,2,2,3,redeploy,primary-all-cycles,5,True,True,True,True,True,26224690.272721075,26224690.272721075,26224690.272721075,26224690.272721075,1497083.5315721442,1497083.5315721442,140.0,140.0,301.0,301.0,501.0,501.0,2070280.0,2070280.0
article1-unified-v4-2-fb3f101b-20260903-000401-default-f02-p3-caffeine,default,caffeine,2,2,3,initial,sensitivity-without-cycle-1,4,True,True,True,True,True,27612300.352228276,27612300.352228276,27612300.352228276,27612300.352228276,1814909.4091668772,1814909.4091668772,140.0,140.0,285.0,285.0,481.0,481.0,2158170.0,2158170.0
article1-unified-v4-2-fb3f101b-20260903-000401-default-f02-p3-caffeine,default,caffeine,2,2,3,redeploy,sensitivity-without-cycle-1,4,True,True,True,True,True,26356265.433701575,26356265.433701575,26356265.433701575,26356265.433701575,1422254.2977688904,1422254.2977688904,140.0,140.0,296.0,296.0,486.0,486.0,2070926.0,2070926.0
article1-unified-v4-2-fb3f101b-20260903-000401-default-f02-p4-jcs4,default,jcs4,2,2,4,initial,primary-all-cycles,5,True,True,True,True,True,856131.3993073169,856131.3993073169,856131.3993073169,856131.3993073169,3300224.38225575,3300224.38225575,541.0,541.0,2525.0,2525.0,286010.0,286010.0,66904.0,66904.0
article1-unified-v4-2-fb3f101b-20260903-000401-default-f02-p4-jcs4,default,jcs4,2,2,4,redeploy,primary-all-cycles,5,True,True,True,True,True,935911.2963568326,935911.2963568326,935911.2963568326,935911.2963568326,3801080.343055103,3801080.343055103,491.0,491.0,2073.0,2073.0,293264.0,293264.0,73132.0,73132.0
article1-unified-v4-2-fb3f101b-20260903-000401-default-f02-p4-jcs4,default,jcs4,2,2,4,initial,sensitivity-without-cycle-1,4,True,True,True,True,True,833776.8181388052,833776.8181388052,833776.8181388052,833776.8181388052,3411539.5391193368,3411539.5391193368,586.0,586.0,2545.0,2545.0,294015.5,294015.5,65158.0,65158.0
article1-unified-v4-2-fb3f101b-20260903-000401-default-f02-p4-jcs4,default,jcs4,2,2,4,redeploy,sensitivity-without-cycle-1,4,True,True,True,True,True,938808.1206275853,938808.1206275853,938808.1206275853,938808.1206275853,3742727.868323114,3742727.868323114,481.0,481.0,2033.5,2033.5,282246.0,282246.0,73360.0,73360.0
article1-unified-v4-2-fb3f101b-20260903-000401-default-f02-p5-nostore,default,nostore,2,2,5,initial,primary-all-cycles,5,True,True,False,False,True,95352300.05653298,,95352300.05653298,,15651264.778706767,,40.0,,171.0,,291.0,,7461772.0,
article1-unified-v4-2-fb3f101b-20260903-000401-default-f02-p5-nostore,default,nostore,2,2,5,redeploy,primary-all-cycles,5,True,True,False,False,True,96000061.33671767,,96000061.33671767,,10707922.149122806,,40.0,,171.0,,291.0,,7515764.0,
article1-unified-v4-2-fb3f101b-20260903-000401-default-f02-p5-nostore,default,nostore,2,2,5,initial,sensitivity-without-cycle-1,4,True,True,False,False,True,94783326.79433873,,94783326.79433873,,15972165.7135626,,40.0,,171.0,,291.0,,7414894.0,
article1-unified-v4-2-fb3f101b-20260903-000401-default-f02-p5-nostore,default,nostore,2,2,5,redeploy,sensitivity-without-cycle-1,4,True,True,False,False,True,96183282.13331561,,96183282.13331561,,12219310.967118677,,40.0,,171.0,,291.0,,7526572.0,
article1-unified-v4-2-fb3f101b-20260903-000401-default-f02-p6-jcs321,default,jcs321,2,2,6,initial,primary-all-cycles,5,True,True,False,False,True,2568048.016449769,,2568048.016449769,,3369985.2933841795,,341.0,,992.0,,204764.0,,200656.0,
article1-unified-v4-2-fb3f101b-20260903-000401-default-f02-p6-jcs321,default,jcs321,2,2,6,redeploy,primary-all-cycles,5,True,True,False,False,True,2828222.849653872,,2828222.849653872,,3151658.1030863244,,301.0,,862.0,,200132.0,,221000.0,
article1-unified-v4-2-fb3f101b-20260903-000401-default-f02-p6-jcs321,default,jcs321,2,2,6,initial,sensitivity-without-cycle-1,4,True,True,False,False,True,2548600.654510091,,2548600.654510091,,3147567.6914176345,,341.0,,992.0,,206439.5,,199138.0,
article1-unified-v4-2-fb3f101b-20260903-000401-default-f02-p6-jcs321,default,jcs321,2,2,6,redeploy,sensitivity-without-cycle-1,4,True,True,False,False,True,2667995.1638307706,,2667995.1638307706,,3469448.5385540687,,316.0,,907.0,,202670.5,,208474.0,
article1-unified-v4-2-fb3f101b-20260903-000401-default-f03-p1-cache2k,default,cache2k,3,3,1,initial,primary-all-cycles,5,True,True,True,True,True,28694693.01226229,28694693.01226229,28694693.01226229,28694693.01226229,1483292.1966964116,1483292.1966964116,151.0,151.0,351.0,351.0,532.0,532.0,2242960.0,2242960.0
article1-unified-v4-2-fb3f101b-20260903-000401-default-f03-p1-cache2k,default,cache2k,3,3,1,redeploy,primary-all-cycles,5,True,True,True,True,True,29641825.821150184,29641825.821150184,29641825.821150184,29641825.821150184,2159439.1677348693,2159439.1677348693,141.0,141.0,330.0,330.0,501.0,501.0,2317032.0,2317032.0
article1-unified-v4-2-fb3f101b-20260903-000401-default-f03-p1-cache2k,default,cache2k,3,3,1,initial,sensitivity-without-cycle-1,4,True,True,True,True,True,29582159.517690547,29582159.517690547,29582159.517690547,29582159.517690547,1541395.2969995087,1541395.2969995087,150.5,150.5,336.0,336.0,516.5,516.5,2312360.0,2312360.0
article1-unified-v4-2-fb3f101b-20260903-000401-default-f03-p1-cache2k,default,cache2k,3,3,1,redeploy,sensitivity-without-cycle-1,4,True,True,True,True,True,29847755.544849202,29847755.544849202,29847755.544849202,29847755.544849202,2195214.5903540384,2195214.5903540384,145.5,145.5,330.5,330.5,521.0,521.0,2333136.0,2333136.0
article1-unified-v4-2-fb3f101b-20260903-000401-default-f03-p2-jcs4,default,jcs4,3,3,2,initial,primary-all-cycles,5,True,True,True,True,True,798638.0899947461,798638.0899947461,798638.0899947461,798638.0899947461,3276663.439153179,3276663.439153179,612.0,612.0,2936.0,2936.0,304917.0,304917.0,62420.0,62420.0
article1-unified-v4-2-fb3f101b-20260903-000401-default-f03-p2-jcs4,default,jcs4,3,3,2,redeploy,primary-all-cycles,5,True,True,True,True,True,847153.9073961563,847153.9073961563,847153.9073961563,847153.9073961563,3713141.9604721186,3713141.9604721186,541.0,541.0,2685.0,2685.0,286286.0,286286.0,66196.0,66196.0
article1-unified-v4-2-fb3f101b-20260903-000401-default-f03-p2-jcs4,default,jcs4,3,3,2,initial,sensitivity-without-cycle-1,4,True,True,True,True,True,925167.7431881055,925167.7431881055,925167.7431881055,925167.7431881055,3519061.1266239835,3519061.1266239835,536.5,536.5,2325.0,2325.0,287820.5,287820.5,72308.0,72308.0
article1-unified-v4-2-fb3f101b-20260903-000401-default-f03-p2-jcs4,default,jcs4,3,3,2,redeploy,sensitivity-without-cycle-1,4,True,True,True,True,True,793795.1318832594,793795.1318832594,793795.1318832594,793795.1318832594,3728159.0751390513,3728159.0751390513,636.5,636.5,2765.5,2765.5,295161.5,295161.5,62034.0,62034.0
article1-unified-v4-2-fb3f101b-20260903-000401-default-f03-p3-ehcache,default,ehcache,3,3,3,initial,primary-all-cycles,5,True,True,True,True,True,24057634.529491935,24057634.529491935,24057634.529491935,24057634.529491935,1642466.8340778362,1642466.8340778362,171.0,171.0,311.0,311.0,541.0,541.0,1880260.0,1880260.0
article1-unified-v4-2-fb3f101b-20260903-000401-default-f03-p3-ehcache,default,ehcache,3,3,3,redeploy,primary-all-cycles,5,True,True,True,True,True,23323853.70604944,23323853.70604944,23323853.70604944,23323853.70604944,1479531.3495678364,1479531.3495678364,171.0,171.0,331.0,331.0,561.0,561.0,1822916.0,1822916.0
article1-unified-v4-2-fb3f101b-20260903-000401-default-f03-p3-ehcache,default,ehcache,3,3,3,initial,sensitivity-without-cycle-1,4,True,True,True,True,True,24425800.22198094,24425800.22198094,24425800.22198094,24425800.22198094,1785062.956998933,1785062.956998933,170.5,170.5,306.0,306.0,541.0,541.0,1909040.0,1909040.0
article1-unified-v4-2-fb3f101b-20260903-000401-default-f03-p3-ehcache,default,ehcache,3,3,3,redeploy,sensitivity-without-cycle-1,4,True,True,True,True,True,23911409.345407933,23911409.345407933,23911409.345407933,23911409.345407933,1586942.8968880796,1586942.8968880796,170.5,170.5,326.0,326.0,556.0,556.0,1868770.0,1868770.0
article1-unified-v4-2-fb3f101b-20260903-000401-default-f03-p4-jcs321,default,jcs321,3,3,4,initial,primary-all-cycles,5,True,True,False,False,True,3046185.732543699,,3046185.732543699,,3568792.763059283,,291.0,,812.0,,192433.0,,238008.0,
article1-unified-v4-2-fb3f101b-20260903-000401-default-f03-p4-jcs321,default,jcs321,3,3,4,redeploy,primary-all-cycles,5,True,True,False,False,True,2842008.5230164374,,2842008.5230164374,,3886684.4910017424,,291.0,,872.0,,194496.0,,222096.0,
article1-unified-v4-2-fb3f101b-20260903-000401-default-f03-p4-jcs321,default,jcs321,3,3,4,initial,sensitivity-without-cycle-1,4,True,True,False,False,True,3095050.078579996,,3095050.078579996,,3578657.1156047704,,280.5,,797.0,,192244.0,,241828.0,
article1-unified-v4-2-fb3f101b-20260903-000401-default-f03-p4-jcs321,default,jcs321,3,3,4,redeploy,sensitivity-without-cycle-1,4,True,True,False,False,True,2949846.258449049,,2949846.258449049,,3770879.0584886633,,286.0,,852.0,,193540.0,,230502.0,
article1-unified-v4-2-fb3f101b-20260903-000401-default-f03-p5-caffeine,default,caffeine,3,3,5,initial,primary-all-cycles,5,True,True,True,True,True,27539688.145286653,27539688.145286653,27539688.145286653,27539688.145286653,1329624.2136269994,1329624.2136269994,140.0,140.0,290.0,290.0,461.0,461.0,2152476.0,2152476.0
article1-unified-v4-2-fb3f101b-20260903-000401-default-f03-p5-caffeine,default,caffeine,3,3,5,redeploy,primary-all-cycles,5,True,True,True,True,True,27568816.009425186,27568816.009425186,27568816.009425186,27568816.009425186,1554267.4822840707,1554267.4822840707,140.0,140.0,270.0,270.0,461.0,461.0,2154736.0,2154736.0
article1-unified-v4-2-fb3f101b-20260903-000401-default-f03-p5-caffeine,default,caffeine,3,3,5,initial,sensitivity-without-cycle-1,4,True,True,True,True,True,27053630.49980527,27053630.49980527,27053630.49980527,27053630.49980527,1283473.695540411,1283473.695540411,140.0,140.0,295.5,295.5,481.0,481.0,2114522.0,2114522.0
article1-unified-v4-2-fb3f101b-20260903-000401-default-f03-p5-caffeine,default,caffeine,3,3,5,redeploy,sensitivity-without-cycle-1,4,True,True,True,True,True,27520214.254800044,27520214.254800044,27520214.254800044,27520214.254800044,1548196.3178049321,1548196.3178049321,140.0,140.0,285.5,285.5,466.0,466.0,2150982.0,2150982.0
article1-unified-v4-2-fb3f101b-20260903-000401-default-f03-p6-nostore,default,nostore,3,3,6,initial,primary-all-cycles,5,True,True,False,False,True,105690651.54600726,,105690651.54600726,,13687043.02385104,,30.0,,161.0,,281.0,,8266548.0,
article1-unified-v4-2-fb3f101b-20260903-000401-default-f03-p6-nostore,default,nostore,3,3,6,redeploy,primary-all-cycles,5,True,True,False,False,True,103578828.41805625,,103578828.41805625,,14981026.529899882,,31.0,,161.0,,290.0,,8110144.0,
article1-unified-v4-2-fb3f101b-20260903-000401-default-f03-p6-nostore,default,nostore,3,3,6,initial,sensitivity-without-cycle-1,4,True,True,False,False,True,105253172.9193115,,105253172.9193115,,14268919.430200744,,30.5,,161.0,,281.0,,8232550.0,
article1-unified-v4-2-fb3f101b-20260903-000401-default-f03-p6-nostore,default,nostore,3,3,6,redeploy,sensitivity-without-cycle-1,4,True,True,False,False,True,104681832.52785149,,104681832.52785149,,14532836.217429753,,30.5,,161.0,,285.5,,8192526.0,
article1-unified-v4-2-fb3f101b-20260903-000401-default-f04-p1-jcs4,default,jcs4,4,4,1,initial,primary-all-cycles,5,True,True,True,True,True,1043127.983130643,1043127.983130643,1043127.983130643,1043127.983130643,3787147.1799008525,3787147.1799008525,411.0,411.0,1654.0,1654.0,277388.0,277388.0,81524.0,81524.0
article1-unified-v4-2-fb3f101b-20260903-000401-default-f04-p1-jcs4,default,jcs4,4,4,1,redeploy,primary-all-cycles,5,True,True,True,True,True,1001727.1188527115,1001727.1188527115,1001727.1188527115,1001727.1188527115,3400716.258858441,3400716.258858441,451.0,451.0,1763.0,1763.0,269670.0,269670.0,78272.0,78272.0
article1-unified-v4-2-fb3f101b-20260903-000401-default-f04-p1-jcs4,default,jcs4,4,4,1,initial,sensitivity-without-cycle-1,4,True,True,True,True,True,1023131.7484693343,1023131.7484693343,1023131.7484693343,1023131.7484693343,3446168.5194859053,3446168.5194859053,441.0,441.0,1808.5,1808.5,281113.0,281113.0,79952.0,79952.0
article1-unified-v4-2-fb3f101b-20260903-000401-default-f04-p1-jcs4,default,jcs4,4,4,1,redeploy,sensitivity-without-cycle-1,4,True,True,True,True,True,1078175.6098588323,1078175.6098588323,1078175.6098588323,1078175.6098588323,3583473.9091631044,3583473.9091631044,425.5,425.5,1593.0,1593.0,269614.5,269614.5,84250.0,84250.0
article1-unified-v4-2-fb3f101b-20260903-000401-default-f04-p2-jcs321,default,jcs321,4,4,2,initial,primary-all-cycles,5,True,True,False,False,True,2642428.681863765,,2642428.681863765,,3356404.136566714,,330.0,,902.0,,200654.0,,206464.0,
article1-unified-v4-2-fb3f101b-20260903-000401-default-f04-p2-jcs321,default,jcs321,4,4,2,redeploy,primary-all-cycles,5,True,True,False,False,True,2944515.18664375,,2944515.18664375,,3575078.9824324194,,291.0,,812.0,,191886.0,,230068.0,
article1-unified-v4-2-fb3f101b-20260903-000401-default-f04-p2-jcs321,default,jcs321,4,4,2,initial,sensitivity-without-cycle-1,4,True,True,False,False,True,2789921.6560458844,,2789921.6560458844,,3438727.6344595766,,305.0,,872.0,,198138.5,,217994.0,
article1-unified-v4-2-fb3f101b-20260903-000401-default-f04-p2-jcs321,default,jcs321,4,4,2,redeploy,sensitivity-without-cycle-1,4,True,True,False,False,True,2942714.3028806457,,2942714.3028806457,,3591652.5080720377,,291.0,,837.0,,194331.5,,229930.0,
article1-unified-v4-2-fb3f101b-20260903-000401-default-f04-p3-cache2k,default,cache2k,4,4,3,initial,primary-all-cycles,5,True,True,True,True,True,31716201.646903183,31716201.646903183,31716201.646903183,31716201.646903183,1893480.0098688179,1893480.0098688179,140.0,140.0,310.0,310.0,501.0,501.0,2479148.0,2479148.0
article1-unified-v4-2-fb3f101b-20260903-000401-default-f04-p3-cache2k,default,cache2k,4,4,3,redeploy,primary-all-cycles,5,True,True,True,True,True,31578079.23164408,31578079.23164408,31578079.23164408,31578079.23164408,1830349.314845341,1830349.314845341,140.0,140.0,320.0,320.0,511.0,511.0,2468288.0,2468288.0
article1-unified-v4-2-fb3f101b-20260903-000401-default-f04-p3-cache2k,default,cache2k,4,4,3,initial,sensitivity-without-cycle-1,4,True,True,True,True,True,31902867.328349873,31902867.328349873,31902867.328349873,31902867.328349873,1955282.9689655309,1955282.9689655309,140.0,140.0,310.0,310.0,491.0,491.0,2493710.0,2493710.0
article1-unified-v4-2-fb3f101b-20260903-000401-default-f04-p3-cache2k,default,cache2k,4,4,3,redeploy,sensitivity-without-cycle-1,4,True,True,True,True,True,31355252.48673929,31355252.48673929,31355252.48673929,31355252.48673929,1787182.710591443,1787182.710591443,140.5,140.5,325.0,325.0,516.0,516.0,2450814.0,2450814.0
article1-unified-v4-2-fb3f101b-20260903-000401-default-f04-p4-nostore,default,nostore,4,4,4,initial,primary-all-cycles,5,True,True,False,False,True,101501881.17451438,,101501881.17451438,,11882115.159083698,,40.0,,161.0,,281.0,,7937828.0,
article1-unified-v4-2-fb3f101b-20260903-000401-default-f04-p4-nostore,default,nostore,4,4,4,redeploy,primary-all-cycles,5,True,True,False,False,True,103182518.58874956,,103182518.58874956,,12811593.98008822,,40.0,,160.0,,280.0,,8070604.0,
article1-unified-v4-2-fb3f101b-20260903-000401-default-f04-p4-nostore,default,nostore,4,4,4,initial,sensitivity-without-cycle-1,4,True,True,False,False,True,101247984.19328927,,101247984.19328927,,11402637.54908808,,40.0,,161.0,,285.5,,7921208.0,
article1-unified-v4-2-fb3f101b-20260903-000401-default-f04-p4-nostore,default,nostore,4,4,4,redeploy,sensitivity-without-cycle-1,4,True,True,False,False,True,103740261.781442,,103740261.781442,,13061448.500008198,,40.0,,160.0,,280.0,,8118022.0,
article1-unified-v4-2-fb3f101b-20260903-000401-default-f04-p5-ehcache,default,ehcache,4,4,5,initial,primary-all-cycles,5,True,True,True,True,True,26281226.94114405,26281226.94114405,26281226.94114405,26281226.94114405,1685852.7953799542,1685852.7953799542,161.0,161.0,271.0,271.0,461.0,461.0,2054448.0,2054448.0
article1-unified-v4-2-fb3f101b-20260903-000401-default-f04-p5-ehcache,default,ehcache,4,4,5,redeploy,primary-all-cycles,5,True,True,True,True,True,25744678.53784705,25744678.53784705,25744678.53784705,25744678.53784705,1832105.1511102007,1832105.1511102007,170.0,170.0,301.0,301.0,531.0,531.0,2012280.0,2012280.0
article1-unified-v4-2-fb3f101b-20260903-000401-default-f04-p5-ehcache,default,ehcache,4,4,5,initial,sensitivity-without-cycle-1,4,True,True,True,True,True,25627580.924600072,25627580.924600072,25627580.924600072,25627580.924600072,1541646.7193696336,1541646.7193696336,165.0,165.0,280.5,280.5,496.0,496.0,2002988.0,2002988.0
article1-unified-v4-2-fb3f101b-20260903-000401-default-f04-p5-ehcache,default,ehcache,4,4,5,redeploy,sensitivity-without-cycle-1,4,True,True,True,True,True,25806157.737890773,25806157.737890773,25806157.737890773,25806157.737890773,1955842.854015096,1955842.854015096,165.5,165.5,291.0,291.0,521.0,521.0,2017042.0,2017042.0
article1-unified-v4-2-fb3f101b-20260903-000401-default-f04-p6-caffeine,default,caffeine,4,4,6,initial,primary-all-cycles,5,True,True,True,True,True,28262514.45876727,28262514.45876727,28262514.45876727,28262514.45876727,1607200.7737707405,1607200.7737707405,140.0,140.0,271.0,271.0,471.0,471.0,2209144.0,2209144.0
article1-unified-v4-2-fb3f101b-20260903-000401-default-f04-p6-caffeine,default,caffeine,4,4,6,redeploy,primary-all-cycles,5,True,True,True,True,True,26936891.992798835,26936891.992798835,26936891.992798835,26936891.992798835,1813594.7424613854,1813594.7424613854,140.0,140.0,291.0,291.0,461.0,461.0,2105740.0,2105740.0
article1-unified-v4-2-fb3f101b-20260903-000401-default-f04-p6-caffeine,default,caffeine,4,4,6,initial,sensitivity-without-cycle-1,4,True,True,True,True,True,27746553.063017555,27746553.063017555,27746553.063017555,27746553.063017555,1615256.153285646,1615256.153285646,140.0,140.0,280.5,280.5,471.0,471.0,2168700.0,2168700.0
article1-unified-v4-2-fb3f101b-20260903-000401-default-f04-p6-caffeine,default,caffeine,4,4,6,redeploy,sensitivity-without-cycle-1,4,True,True,True,True,True,27103093.48819454,27103093.48819454,27103093.48819454,27103093.48819454,1853467.8271036374,1853467.8271036374,140.0,140.0,280.5,280.5,456.0,456.0,2118592.0,2118592.0
article1-unified-v4-2-fb3f101b-20260903-000401-default-f05-p1-jcs321,default,jcs321,5,5,1,initial,primary-all-cycles,5,True,True,False,False,True,2709606.2244476173,,2709606.2244476173,,3676488.1596860574,,330.0,,941.0,,199897.0,,211724.0,
article1-unified-v4-2-fb3f101b-20260903-000401-default-f05-p1-jcs321,default,jcs321,5,5,1,redeploy,primary-all-cycles,5,True,True,False,False,True,3028973.666180772,,3028973.666180772,,3356009.892174758,,290.0,,822.0,,193384.0,,236688.0,
article1-unified-v4-2-fb3f101b-20260903-000401-default-f05-p1-jcs321,default,jcs321,5,5,1,initial,sensitivity-without-cycle-1,4,True,True,False,False,True,2521148.2113967817,,2521148.2113967817,,3773016.7034295322,,370.5,,991.5,,204827.0,,196994.0,
article1-unified-v4-2-fb3f101b-20260903-000401-default-f05-p1-jcs321,default,jcs321,5,5,1,redeploy,sensitivity-without-cycle-1,4,True,True,False,False,True,3032552.5156470984,,3032552.5156470984,,3393961.315494348,,285.5,,816.5,,192532.5,,236954.0,
article1-unified-v4-2-fb3f101b-20260903-000401-default-f05-p2-nostore,default,nostore,5,5,2,initial,primary-all-cycles,5,True,True,False,False,True,103490565.13366164,,103490565.13366164,,14390684.046775479,,40.0,,161.0,,281.0,,8097192.0,
article1-unified-v4-2-fb3f101b-20260903-000401-default-f05-p2-nostore,default,nostore,5,5,2,redeploy,primary-all-cycles,5,True,True,False,False,True,104503219.98537152,,104503219.98537152,,12531705.214191906,,31.0,,160.0,,281.0,,8173140.0,
article1-unified-v4-2-fb3f101b-20260903-000401-default-f05-p2-nostore,default,nostore,5,5,2,initial,sensitivity-without-cycle-1,4,True,True,False,False,True,103422621.44567738,,103422621.44567738,,13534004.058605347,,40.0,,161.0,,281.0,,8096146.0,
article1-unified-v4-2-fb3f101b-20260903-000401-default-f05-p2-nostore,default,nostore,5,5,2,redeploy,sensitivity-without-cycle-1,4,True,True,False,False,True,104528341.15149158,,104528341.15149158,,12069137.49847587,,35.5,,160.0,,281.0,,8178700.0,
article1-unified-v4-2-fb3f101b-20260903-000401-default-f05-p3-jcs4,default,jcs4,5,5,3,initial,primary-all-cycles,5,True,True,True,True,True,997745.7327914049,997745.7327914049,997745.7327914049,997745.7327914049,2809555.410332758,2809555.410332758,421.0,421.0,1824.0,1824.0,270272.0,270272.0,77968.0,77968.0
article1-unified-v4-2-fb3f101b-20260903-000401-default-f05-p3-jcs4,default,jcs4,5,5,3,redeploy,primary-all-cycles,5,True,True,True,True,True,1059556.8155241455,1059556.8155241455,1059556.8155241455,1059556.8155241455,3099424.9017094877,3099424.9017094877,431.0,431.0,1703.0,1703.0,270901.0,270901.0,82804.0,82804.0
article1-unified-v4-2-fb3f101b-20260903-000401-default-f05-p3-jcs4,default,jcs4,5,5,3,initial,sensitivity-without-cycle-1,4,True,True,True,True,True,975731.7355201977,975731.7355201977,975731.7355201977,975731.7355201977,3363750.545183336,3363750.545183336,451.0,451.0,1909.0,1909.0,272020.5,272020.5,76246.0,76246.0
article1-unified-v4-2-fb3f101b-20260903-000401-default-f05-p3-jcs4,default,jcs4,5,5,3,redeploy,sensitivity-without-cycle-1,4,True,True,True,True,True,1010578.3311607523,1010578.3311607523,1010578.3311607523,1010578.3311607523,3112990.087978543,3112990.087978543,415.5,415.5,1788.5,1788.5,279734.5,279734.5,78974.0,78974.0
article1-unified-v4-2-fb3f101b-20260903-000401-default-f05-p4-caffeine,default,caffeine,5,5,4,initial,primary-all-cycles,5,True,True,True,True,True,27317948.658922818,27317948.658922818,27317948.658922818,27317948.658922818,1753363.784586635,1753363.784586635,140.0,140.0,281.0,281.0,481.0,481.0,2135392.0,2135392.0
article1-unified-v4-2-fb3f101b-20260903-000401-default-f05-p4-caffeine,default,caffeine,5,5,4,redeploy,primary-all-cycles,5,True,True,True,True,True,25957575.99218084,25957575.99218084,25957575.99218084,25957575.99218084,1815041.1369998495,1815041.1369998495,140.0,140.0,301.0,301.0,481.0,481.0,2049528.0,2049528.0
article1-unified-v4-2-fb3f101b-20260903-000401-default-f05-p4-caffeine,default,caffeine,5,5,4,initial,sensitivity-without-cycle-1,4,True,True,True,True,True,27134230.841029577,27134230.841029577,27134230.841029577,27134230.841029577,1801172.6319469255,1801172.6319469255,140.0,140.0,285.5,285.5,481.0,481.0,2120932.0,2120932.0
article1-unified-v4-2-fb3f101b-20260903-000401-default-f05-p4-caffeine,default,caffeine,5,5,4,redeploy,sensitivity-without-cycle-1,4,True,True,True,True,True,25759324.99649886,25759324.99649886,25759324.99649886,25759324.99649886,1940877.9652825044,1940877.9652825044,140.0,140.0,306.0,306.0,496.0,496.0,2024028.0,2024028.0
article1-unified-v4-2-fb3f101b-20260903-000401-default-f05-p5-cache2k,default,cache2k,5,5,5,initial,primary-all-cycles,5,True,True,True,True,True,31522505.359142225,31522505.359142225,31522505.359142225,31522505.359142225,1599522.7024255963,1599522.7024255963,150.0,150.0,321.0,321.0,501.0,501.0,2464636.0,2464636.0
article1-unified-v4-2-fb3f101b-20260903-000401-default-f05-p5-cache2k,default,cache2k,5,5,5,redeploy,primary-all-cycles,5,True,True,True,True,True,31375857.034719463,31375857.034719463,31375857.034719463,31375857.034719463,1991569.685521189,1991569.685521189,141.0,141.0,320.0,320.0,501.0,501.0,2454952.0,2454952.0
article1-unified-v4-2-fb3f101b-20260903-000401-default-f05-p5-cache2k,default,cache2k,5,5,5,initial,sensitivity-without-cycle-1,4,True,True,True,True,True,32016876.14878314,32016876.14878314,32016876.14878314,32016876.14878314,1706361.910984248,1706361.910984248,145.0,145.0,316.0,316.0,501.0,501.0,2502626.0,2502626.0
article1-unified-v4-2-fb3f101b-20260903-000401-default-f05-p5-cache2k,default,cache2k,5,5,5,redeploy,sensitivity-without-cycle-1,4,True,True,True,True,True,31390862.506573945,31390862.506573945,31390862.506573945,31390862.506573945,2160062.024557819,2160062.024557819,140.5,140.5,315.5,315.5,496.0,496.0,2462650.0,2462650.0
article1-unified-v4-2-fb3f101b-20260903-000401-default-f05-p6-ehcache,default,ehcache,5,5,6,initial,primary-all-cycles,5,True,True,True,True,True,25568981.431689773,25568981.431689773,25568981.431689773,25568981.431689773,1650255.1542006668,1650255.1542006668,170.0,170.0,281.0,281.0,521.0,521.0,1998396.0,1998396.0
article1-unified-v4-2-fb3f101b-20260903-000401-default-f05-p6-ehcache,default,ehcache,5,5,6,redeploy,primary-all-cycles,5,True,True,True,True,True,25838327.287535187,25838327.287535187,25838327.287535187,25838327.287535187,1753594.6937627443,1753594.6937627443,161.0,161.0,280.0,280.0,491.0,491.0,2019460.0,2019460.0
article1-unified-v4-2-fb3f101b-20260903-000401-default-f05-p6-ehcache,default,ehcache,5,5,6,initial,sensitivity-without-cycle-1,4,True,True,True,True,True,25870075.828126527,25870075.828126527,25870075.828126527,25870075.828126527,1541738.1809307605,1541738.1809307605,165.5,165.5,275.5,275.5,501.0,501.0,2021962.0,2021962.0
article1-unified-v4-2-fb3f101b-20260903-000401-default-f05-p6-ehcache,default,ehcache,5,5,6,redeploy,sensitivity-without-cycle-1,4,True,True,True,True,True,25741521.215596132,25741521.215596132,25741521.215596132,25741521.215596132,1730335.9300687788,1730335.9300687788,165.5,165.5,280.5,280.5,496.0,496.0,2011854.0,2011854.0
article1-unified-v4-2-fb3f101b-20260903-000401-default-f06-p1-nostore,default,nostore,6,6,1,initial,primary-all-cycles,5,True,True,False,False,True,104103723.20285307,,104103723.20285307,,12503063.25049637,,40.0,,161.0,,280.0,,8155392.0,
article1-unified-v4-2-fb3f101b-20260903-000401-default-f06-p1-nostore,default,nostore,6,6,1,redeploy,primary-all-cycles,5,True,True,False,False,True,105590103.96906619,,105590103.96906619,,11997226.241293013,,40.0,,160.0,,271.0,,8263892.0,
article1-unified-v4-2-fb3f101b-20260903-000401-default-f06-p1-nostore,default,nostore,6,6,1,initial,sensitivity-without-cycle-1,4,True,True,False,False,True,103452788.976383,,103452788.976383,,12187447.477705061,,40.0,,161.0,,280.5,,8092566.0,
article1-unified-v4-2-fb3f101b-20260903-000401-default-f06-p1-nostore,default,nostore,6,6,1,redeploy,sensitivity-without-cycle-1,4,True,True,False,False,True,105664617.00476488,,105664617.00476488,,13058705.805543274,,40.0,,160.0,,271.0,,8268032.0,
article1-unified-v4-2-fb3f101b-20260903-000401-default-f06-p2-caffeine,default,caffeine,6,6,2,initial,primary-all-cycles,5,True,True,True,True,True,26509572.65647953,26509572.65647953,26509572.65647953,26509572.65647953,1695483.6723226872,1695483.6723226872,140.0,140.0,291.0,291.0,491.0,491.0,2074488.0,2074488.0
article1-unified-v4-2-fb3f101b-20260903-000401-default-f06-p2-caffeine,default,caffeine,6,6,2,redeploy,primary-all-cycles,5,True,True,True,True,True,27131270.89679681,27131270.89679681,27131270.89679681,27131270.89679681,1835544.0626023316,1835544.0626023316,140.0,140.0,290.0,290.0,471.0,471.0,2130236.0,2130236.0
article1-unified-v4-2-fb3f101b-20260903-000401-default-f06-p2-caffeine,default,caffeine,6,6,2,initial,sensitivity-without-cycle-1,4,True,True,True,True,True,26478182.900063183,26478182.900063183,26478182.900063183,26478182.900063183,1666493.497319365,1666493.497319365,140.0,140.0,290.5,290.5,470.5,470.5,2080372.0,2080372.0
article1-unified-v4-2-fb3f101b-20260903-000401-default-f06-p2-caffeine,default,caffeine,6,6,2,redeploy,sensitivity-without-cycle-1,4,True,True,True,True,True,27224358.982914563,27224358.982914563,27224358.982914563,27224358.982914563,1911725.6128737435,1911725.6128737435,140.0,140.0,290.5,290.5,471.0,471.0,2136950.0,2136950.0
article1-unified-v4-2-fb3f101b-20260903-000401-default-f06-p3-jcs321,default,jcs321,6,6,3,initial,primary-all-cycles,5,True,True,False,False,True,3019064.5080145383,,3019064.5080145383,,3481828.684279613,,291.0,,812.0,,189242.0,,235896.0,
article1-unified-v4-2-fb3f101b-20260903-000401-default-f06-p3-jcs321,default,jcs321,6,6,3,redeploy,primary-all-cycles,5,True,True,False,False,True,3184118.7107077623,,3184118.7107077623,,3498788.719345363,,271.0,,791.0,,184463.0,,248788.0,
article1-unified-v4-2-fb3f101b-20260903-000401-default-f06-p3-jcs321,default,jcs321,6,6,3,initial,sensitivity-without-cycle-1,4,True,True,False,False,True,3037205.561227397,,3037205.561227397,,3207204.617001259,,280.5,,821.0,,184398.5,,237312.0,
article1-unified-v4-2-fb3f101b-20260903-000401-default-f06-p3-jcs321,default,jcs321,6,6,3,redeploy,sensitivity-without-cycle-1,4,True,True,False,False,True,3197479.0539941313,,3197479.0539941313,,3571173.363305309,,266.0,,791.0,,103774.0,,249864.0,
article1-unified-v4-2-fb3f101b-20260903-000401-default-f06-p4-ehcache,default,ehcache,6,6,4,initial,primary-all-cycles,5,True,True,True,True,True,26056675.205439124,26056675.205439124,26056675.205439124,26056675.205439124,1504808.9178588013,1504808.9178588013,170.0,170.0,280.0,280.0,491.0,491.0,2036616.0,2036616.0
article1-unified-v4-2-fb3f101b-20260903-000401-default-f06-p4-ehcache,default,ehcache,6,6,4,redeploy,primary-all-cycles,5,True,True,True,True,True,26800058.89574678,26800058.89574678,26800058.89574678,26800058.89574678,1752546.0989725874,1752546.0989725874,160.0,160.0,281.0,281.0,471.0,471.0,2094668.0,2094668.0
article1-unified-v4-2-fb3f101b-20260903-000401-default-f06-p4-ehcache,default,ehcache,6,6,4,initial,sensitivity-without-cycle-1,4,True,True,True,True,True,26209475.751602784,26209475.751602784,26209475.751602784,26209475.751602784,1432731.4567402443,1432731.4567402443,165.5,165.5,276.0,276.0,491.0,491.0,2048564.0,2048564.0
article1-unified-v4-2-fb3f101b-20260903-000401-default-f06-p4-ehcache,default,ehcache,6,6,4,redeploy,sensitivity-without-cycle-1,4,True,True,True,True,True,26215381.23837004,26215381.23837004,26215381.23837004,26215381.23837004,1897625.2339849863,1897625.2339849863,165.0,165.0,285.5,285.5,486.0,486.0,2058054.0,2058054.0
article1-unified-v4-2-fb3f101b-20260903-000401-default-f06-p5-jcs4,default,jcs4,6,6,5,initial,primary-all-cycles,5,True,True,True,True,True,1166833.5036317997,1166833.5036317997,1166833.5036317997,1166833.5036317997,3825273.7365885903,3825273.7365885903,371.0,371.0,1423.0,1423.0,272292.0,272292.0,91172.0,91172.0
article1-unified-v4-2-fb3f101b-20260903-000401-default-f06-p5-jcs4,default,jcs4,6,6,5,redeploy,primary-all-cycles,5,True,True,True,True,True,1124269.4677364654,1124269.4677364654,1124269.4677364654,1124269.4677364654,3814743.832322172,3814743.832322172,371.0,371.0,1533.0,1533.0,267513.0,267513.0,87884.0,87884.0
article1-unified-v4-2-fb3f101b-20260903-000401-default-f06-p5-jcs4,default,jcs4,6,6,5,initial,sensitivity-without-cycle-1,4,True,True,True,True,True,1200978.7384309336,1200978.7384309336,1200978.7384309336,1200978.7384309336,3992347.1729676956,3992347.1729676956,371.0,371.0,1378.0,1378.0,264120.5,264120.5,93852.0,93852.0
article1-unified-v4-2-fb3f101b-20260903-000401-default-f06-p5-jcs4,default,jcs4,6,6,5,redeploy,sensitivity-without-cycle-1,4,True,True,True,True,True,1081313.7292910146,1081313.7292910146,1081313.7292910146,1081313.7292910146,3865571.4065592503,3865571.4065592503,411.0,411.0,1643.5,1643.5,271733.5,271733.5,84510.0,84510.0
article1-unified-v4-2-fb3f101b-20260903-000401-default-f06-p6-cache2k,default,cache2k,6,6,6,initial,primary-all-cycles,5,True,True,True,True,True,31370951.0847551,31370951.0847551,31370951.0847551,31370951.0847551,2177691.8121836632,2177691.8121836632,140.0,140.0,311.0,311.0,501.0,501.0,2477572.0,2477572.0
article1-unified-v4-2-fb3f101b-20260903-000401-default-f06-p6-cache2k,default,cache2k,6,6,6,redeploy,primary-all-cycles,5,True,True,True,True,True,31469206.09545471,31469206.09545471,31469206.09545471,31469206.09545471,2249989.0875529256,2249989.0875529256,141.0,141.0,311.0,311.0,481.0,481.0,2459848.0,2459848.0
article1-unified-v4-2-fb3f101b-20260903-000401-default-f06-p6-cache2k,default,cache2k,6,6,6,initial,sensitivity-without-cycle-1,4,True,True,True,True,True,31191136.332553446,31191136.332553446,31191136.332553446,31191136.332553446,2244547.049172718,2244547.049172718,140.0,140.0,316.0,316.0,501.0,501.0,2450768.0,2450768.0
article1-unified-v4-2-fb3f101b-20260903-000401-default-f06-p6-cache2k,default,cache2k,6,6,6,redeploy,sensitivity-without-cycle-1,4,True,True,True,True,True,31553017.212336265,31553017.212336265,31553017.212336265,31553017.212336265,2251583.7386594946,2251583.7386594946,141.0,141.0,311.0,311.0,481.0,481.0,2474726.0,2474726.0
