scenario,provider,phase,analysisSet,statisticalUnit,forkCount,observedForkCount,invalidBlockForkCount,semanticGatePassForkCount,studyRole,performanceComparisonEligible,performanceIncludedForkCount,operationsPerSecondN,operationsPerSecondMedian,operationsPerSecondMean,operationsPerSecondSampleStandardDeviation,operationsPerSecondFirstQuartile,operationsPerSecondThirdQuartile,operationsPerSecondMinimum,operationsPerSecondMaximum,readOperationsPerSecondN,readOperationsPerSecondMedian,readOperationsPerSecondMean,readOperationsPerSecondSampleStandardDeviation,readOperationsPerSecondFirstQuartile,readOperationsPerSecondThirdQuartile,readOperationsPerSecondMinimum,readOperationsPerSecondMaximum,fillOperationsPerSecondN,fillOperationsPerSecondMedian,fillOperationsPerSecondMean,fillOperationsPerSecondSampleStandardDeviation,fillOperationsPerSecondFirstQuartile,fillOperationsPerSecondThirdQuartile,fillOperationsPerSecondMinimum,fillOperationsPerSecondMaximum,latencyP50NanosN,latencyP50NanosMedian,latencyP50NanosMean,latencyP50NanosSampleStandardDeviation,latencyP50NanosFirstQuartile,latencyP50NanosThirdQuartile,latencyP50NanosMinimum,latencyP50NanosMaximum,latencyP95NanosN,latencyP95NanosMedian,latencyP95NanosMean,latencyP95NanosSampleStandardDeviation,latencyP95NanosFirstQuartile,latencyP95NanosThirdQuartile,latencyP95NanosMinimum,latencyP95NanosMaximum,latencyP99NanosN,latencyP99NanosMedian,latencyP99NanosMean,latencyP99NanosSampleStandardDeviation,latencyP99NanosFirstQuartile,latencyP99NanosThirdQuartile,latencyP99NanosMinimum,latencyP99NanosMaximum,measuredLatencySamplesN,measuredLatencySamplesMedian,measuredLatencySamplesMean,measuredLatencySamplesSampleStandardDeviation,measuredLatencySamplesFirstQuartile,measuredLatencySamplesThirdQuartile,measuredLatencySamplesMinimum,measuredLatencySamplesMaximum
default,cache2k,initial,primary-all-cycles,independent-process-run-fork,6,6,0,6,current-provider-primary-comparison,True,6,6,30777021.885762583,30431731.300377015,1308937.3363848971,29372981.18101444,31484616.790545445,28694693.01226229,31716201.646903183,6,30777021.885762583,30431731.300377015,1308937.3363848971,29372981.18101444,31484616.790545445,28694693.01226229,31716201.646903183,6,1625796.7990371776,1713233.6816038375,273971.1977811699,1512349.8231287077,1833127.7313138032,1473344.4727997773,2177691.8121836632,6,150.0,146.83333333333334,5.307227776030219,142.5,150.0,140.0,151.0,6,325.5,327.1666666666667,16.339114623095913,313.5,337.5,310.0,351.0,6,506.0,512.8333333333334,14.972196454317137,501.0,526.0,501.0,532.0,6,2412482.0,2383243.3333333335,106471.95063239269,2296194.0,2474338.0,2242960.0,2479148.0
default,cache2k,initial,sensitivity-without-cycle-1,independent-process-run-fork,6,6,0,6,current-provider-primary-comparison,True,6,6,30414407.621661503,30548543.37123386,1318213.9771121633,29596039.3659603,31724934.579400767,28960541.98925658,32016876.14878314,6,30414407.621661503,30548543.37123386,1318213.9771121633,29596039.3659603,31724934.579400767,28960541.98925658,32016876.14878314,6,1667159.245844709,1776051.785883686,272617.07514150406,1592564.3265324975,1893052.7044702102,1541395.2969995087,2244547.049172718,6,147.5,146.0,5.089204259999789,141.25,150.375,140.0,150.5,6,325.75,325.6666666666667,13.083067937860243,316.0,335.875,310.0,340.5,6,508.5,510.25,15.980456814496888,501.0,516.375,491.0,536.0,6,2390125.0,2392102.6666666665,102719.2965136866,2316640.5,2482974.5,2263670.0,2502626.0
default,cache2k,redeploy,primary-all-cycles,independent-process-run-fork,6,6,0,6,current-provider-primary-comparison,True,6,6,30589222.881858967,30568620.622483477,997692.3930752401,29682016.548112255,31445868.8302709,29544166.822933957,31578079.23164408,6,30589222.881858967,30568620.622483477,997692.3930752401,29682016.548112255,31445868.8302709,29544166.822933957,31578079.23164408,6,2075504.426628029,2007806.0731373015,311411.3596624495,1870654.407514303,2227351.6075984114,1488542.4653627332,2326946.7178067504,6,141.0,143.83333333333334,4.792355023020171,141.0,147.75,140.0,150.0,6,325.0,325.3333333333333,10.500793620801558,320.0,330.0,311.0,341.0,6,506.0,507.6666666666667,17.511900715418264,501.0,518.5,481.0,531.0,6,2392238.0,2389814.6666666665,78395.81289499246,2320155.0,2458624.0,2309244.0,2468288.0
default,cache2k,redeploy,sensitivity-without-cycle-1,independent-process-run-fork,6,6,0,6,current-provider-primary-comparison,True,6,6,30692420.11446236,30624241.498876765,900537.976447027,29893213.59418326,31381960.001615282,29568973.50057646,31553017.212336265,6,30692420.11446236,30624241.498876765,900537.976447027,29893213.59418326,31381960.001615282,29568973.50057646,31553017.212336265,6,2177638.307455929,2055619.459749247,292991.423631241,1880402.539083037,2237491.4515831303,1599940.090202576,2339733.604130111,6,143.25,143.83333333333334,3.8427420765212266,140.625,145.5,140.5,150.0,6,325.25,324.75,10.699299042460678,317.875,329.25,311.0,341.0,6,513.5,511.0,20.73644135332772,499.75,519.75,481.0,541.0,6,2399063.0,2396659.0,73669.2041249259,2336680.0,2459691.0,2311316.0,2474726.0
default,caffeine,initial,primary-all-cycles,independent-process-run-fork,6,6,0,6,current-provider-primary-comparison,True,6,6,27218274.745988496,26988935.618684284,1051981.3854158563,26661829.700623192,27484253.273695692,25185288.95959526,28262514.45876727,6,27218274.745988496,26988935.618684284,1051981.3854158563,26661829.700623192,27484253.273695692,25185288.95959526,28262514.45876727,6,1556778.497239822,1546028.9315698023,169515.67054326684,1414697.7484793626,1673412.9476847006,1329624.2136269994,1753363.784586635,6,140.0,141.66666666666666,4.08248290463863,140.0,140.0,140.0,150.0,6,285.5,288.8333333333333,16.940090515303236,280.25,290.75,271.0,320.0,6,481.0,484.3333333333333,20.65591117977289,473.5,488.5,461.0,521.0,6,2127494.0,2109932.0,82042.71644454492,2085765.0,2148205.0,1968496.0,2209144.0
default,caffeine,initial,sensitivity-without-cycle-1,independent-process-run-fork,6,6,0,6,current-provider-primary-comparison,True,6,6,27093930.670417424,26825164.58767895,1033744.565298207,26622044.799998704,27492782.9744286,24926089.869929843,27746553.063017555,6,27093930.670417424,26825164.58767895,1033744.565298207,26622044.799998704,27492782.9744286,24926089.869929843,27746553.063017555,6,1640874.8253025054,1613023.6727278482,200561.46163505624,1526441.52515231,1767502.8482900355,1283473.695540411,1814909.4091668772,6,140.0,140.91666666666666,2.2453655975512468,140.0,140.0,140.0,145.5,6,288.0,292.0833333333333,12.5714623917294,285.125,294.25,280.5,315.5,6,481.0,484.25,18.691575642518742,473.5,481.0,470.5,521.0,6,2117727.0,2098498.0,80174.20486914729,2088909.5,2148860.5,1948292.0,2168700.0
default,caffeine,redeploy,primary-all-cycles,independent-process-run-fork,6,6,0,6,current-provider-primary-comparison,True,6,6,26580791.132759955,26423161.906824432,1023299.9994188595,26024354.562315896,27082676.17079732,24719726.27702385,27568816.009425186,6,26580791.132759955,26423161.906824432,1023299.9994188595,26024354.562315896,27082676.17079732,24719726.27702385,27568816.009425186,6,1683931.112372728,1628336.2450211716,234346.5744832228,1511379.5192501259,1814679.5383652335,1254486.5142072479,1835544.0626023316,6,140.0,140.16666666666666,0.408248290463863,140.0,140.0,140.0,141.0,6,296.0,292.3333333333333,12.09407568467581,290.25,301.0,270.0,301.0,6,476.0,479.3333333333333,18.34847859269718,463.5,496.0,461.0,501.0,6,2088010.0,2073882.0,79052.13294529123,2054716.0,2124112.0,1932772.0,2154736.0
default,caffeine,redeploy,sensitivity-without-cycle-1,independent-process-run-fork,6,6,0,6,current-provider-primary-comparison,True,6,6,26729679.460948057,26427360.520327915,1102126.40746524,25908560.10579954,27194042.609234557,24600905.96585791,27520214.254800044,6,26729679.460948057,26427360.520327915,1102126.40746524,25908560.10579954,27194042.609234557,24600905.96585791,27520214.254800044,6,1700832.0724542849,1666562.8651737673,269116.8173945959,1453739.8027779008,1897161.166431217,1322855.1702088967,1940877.9652825044,6,140.0,140.91666666666666,2.2453655975512468,140.0,140.0,140.0,145.5,6,293.25,294.0833333333333,10.57079309544306,286.75,303.5,280.5,306.0,6,478.5,480.1666666666667,19.08315138195646,467.25,493.5,456.0,506.0,6,2094759.0,2070794.0,86066.33108016166,2035752.5,2132360.5,1923286.0,2150982.0
default,ehcache,initial,primary-all-cycles,independent-process-run-fork,6,6,0,6,current-provider-primary-comparison,True,6,6,24813307.980590854,24693825.051618177,1478350.867444264,23626477.072790936,25934751.762001786,22715674.281386904,26281226.94114405,6,24813307.980590854,24693825.051618177,1478350.867444264,23626477.072790936,25934751.762001786,22715674.281386904,26281226.94114405,6,1582046.434001853,1558810.7191455686,126729.24496163367,1509013.1968755685,1648308.0741699592,1347854.5794302835,1685852.7953799542,6,170.5,172.0,7.183313998427188,170.0,177.75,161.0,180.0,6,296.0,295.8333333333333,20.884603579351623,280.25,311.0,271.0,321.0,6,531.0,522.6666666666666,40.20779360604939,498.5,556.0,461.0,561.0,6,1939328.0,1930520.6666666667,114936.97760889081,1846588.0,2027061.0,1778040.0,2054448.0
default,ehcache,initial,sensitivity-without-cycle-1,independent-process-run-fork,6,6,0,6,current-provider-primary-comparison,True,6,6,25026690.573290505,24706121.796281673,1420336.3128087432,23537024.13510881,25809452.102244914,22863032.61189495,26209475.751602784,6,25026690.573290505,24706121.796281673,1420336.3128087432,23537024.13510881,25809452.102244914,22863032.61189495,26209475.751602784,6,1541692.450150197,1580637.8905611695,135780.4192441765,1494627.572682261,1663204.6743884212,1432731.4567402443,1785062.956998933,6,168.0,171.08333333333334,7.193168054943987,165.5,177.625,165.0,180.0,6,293.25,296.5,21.72325942394465,277.125,316.875,275.5,320.5,6,521.0,525.1666666666666,33.07819019636151,497.25,552.25,491.0,566.0,6,1956014.0,1933019.6666666667,107940.92247459565,1839708.5,2017218.5,1798966.0,2048564.0
default,ehcache,redeploy,primary-all-cycles,independent-process-run-fork,6,6,0,6,current-provider-primary-comparison,True,6,6,24626259.549831145,24622964.845101517,1721395.0104498102,23369850.41999089,25814915.100113153,22523030.08161541,26800058.89574678,6,24626259.549831145,24622964.845101517,1721395.0104498102,23369850.41999089,25814915.100113153,22523030.08161541,26800058.89574678,6,1729123.5829954734,1660290.9265205034,161720.36287149426,1536073.778930467,1753332.545065205,1438267.198691292,1832105.1511102007,6,170.5,169.0,7.720103626247513,163.25,171.0,160.0,181.0,6,305.5,305.6666666666667,22.76547093004374,286.0,325.75,280.0,331.0,6,536.0,531.0,44.27188724235731,501.0,556.0,471.0,591.0,6,1925212.0,1924661.3333333333,134426.47793149482,1826723.0,2017665.0,1760500.0,2094668.0
default,ehcache,redeploy,sensitivity-without-cycle-1,independent-process-run-fork,6,6,0,6,current-provider-primary-comparison,True,6,6,25248020.06502235,24714185.13084554,1631932.1118828014,24122186.73766809,25789998.607317112,21856122.333359793,26215381.23837004,6,25248020.06502235,24714185.13084554,1631932.1118828014,24122186.73766809,25789998.607317112,21856122.333359793,26215381.23837004,6,1684515.7376301917,1704172.938460738,201371.9637583092,1599881.058963961,1855802.9080059344,1415595.1706158817,1955842.854015096,6,165.75,168.91666666666666,6.256330127692006,165.5,169.375,165.0,181.0,6,293.25,301.5833333333333,21.511431069704933,286.875,318.375,280.5,331.0,6,521.0,528.5,39.08324449172561,502.25,547.25,486.0,591.0,6,1973529.0,1933714.6666666667,128194.63055630164,1885378.5,2015745.0,1711364.0,2058054.0
default,jcs321,initial,primary-all-cycles,independent-process-run-fork,6,6,0,6,JCS-248-positive-control,False,0,0,,,,,,,,0,,,,,,,,0,,,,,,,,0,,,,,,,,0,,,,,,,,0,,,,,,,,0,,,,,,,
default,jcs321,initial,sensitivity-without-cycle-1,independent-process-run-fork,6,6,0,6,JCS-248-positive-control,False,0,0,,,,,,,,0,,,,,,,,0,,,,,,,,0,,,,,,,,0,,,,,,,,0,,,,,,,,0,,,,,,,
default,jcs321,redeploy,primary-all-cycles,independent-process-run-fork,6,6,0,6,JCS-248-positive-control,False,0,0,,,,,,,,0,,,,,,,,0,,,,,,,,0,,,,,,,,0,,,,,,,,0,,,,,,,,0,,,,,,,
default,jcs321,redeploy,sensitivity-without-cycle-1,independent-process-run-fork,6,6,0,6,JCS-248-positive-control,False,0,0,,,,,,,,0,,,,,,,,0,,,,,,,,0,,,,,,,,0,,,,,,,,0,,,,,,,,0,,,,,,,
default,jcs4,initial,primary-all-cycles,independent-process-run-fork,6,6,0,6,current-provider-primary-comparison,True,6,6,964549.7963547253,965638.4281289927,133094.93038379343,874937.014459999,1031782.4205458335,798638.0899947461,1166833.5036317997,6,964549.7963547253,965638.4281289927,133094.93038379343,874937.014459999,1031782.4205458335,798638.0899947461,1166833.5036317997,6,3300630.7345386585,3383316.872508783,377533.11967818765,3282553.6749288216,3665619.656631031,2809555.410332758,3825273.7365885903,6,446.0,471.1666666666667,90.42215805136851,413.5,523.5,371.0,612.0,6,1904.0,2057.6666666666665,568.4444270697591,1696.5,2389.75,1423.0,2936.0,6,281699.0,283071.5,12792.533818599035,273566.0,287165.0,270272.0,304917.0,6,75378.0,75462.66666666667,10395.339160732885,68375.0,80635.0,62420.0,91172.0
default,jcs4,initial,sensitivity-without-cycle-1,independent-process-run-fork,6,6,0,6,current-provider-primary-comparison,True,6,6,967934.6789956044,986487.4010363979,122670.25699392478,933910.213008832,1011281.7452320502,833776.8181388052,1200978.7384309336,6,967934.6789956044,986487.4010363979,122670.25699392478,933910.213008832,1011281.7452320502,833776.8181388052,1200978.7384309336,6,3466071.428063727,3536473.5400036345,229900.3545708961,3420196.784210979,3510789.429128375,3363750.545183336,3992347.1729676956,6,448.5,471.9166666666667,76.72705954659456,442.25,515.125,371.0,586.0,6,1941.25,1989.8333333333333,408.55093521697717,1833.625,2237.125,1378.0,2545.0,6,280662.0,279883.5,10720.328889544387,274068.125,286143.625,264120.5,294015.5,6,75639.0,77091.33333333333,9584.81638147892,72989.0,79025.5,65158.0,93852.0
default,jcs4,redeploy,primary-all-cycles,independent-process-run-fork,6,6,0,6,current-provider-primary-comparison,True,6,6,968819.2076047721,979055.238939042,102684.13756510953,913262.4449151636,1045099.3913562871,847153.9073961563,1124269.4677364654,6,968819.2076047721,979055.238939042,102684.13756510953,913262.4449151636,1045099.3913562871,847153.9073961563,1124269.4677364654,6,3727364.2676800806,3595115.6452175607,286196.5675103949,3478822.6842618603,3786206.901013338,3099424.9017094877,3814743.832322172,6,471.0,462.6666666666667,58.79342366852492,436.0,491.0,371.0,541.0,6,1918.0,2012.0,432.5232941703834,1718.0,2254.5,1533.0,2685.0,6,273976.0,277447.5,10300.27597203104,269977.75,283977.25,267513.0,293264.0,6,75702.0,76511.33333333333,8033.79518451066,71368.0,81671.0,66196.0,87884.0
default,jcs4,redeploy,sensitivity-without-cycle-1,independent-process-run-fork,6,6,0,6,current-provider-primary-comparison,True,6,6,974693.2258941688,972480.6453754348,108767.03390773901,933861.7422302696,1061276.2901843123,793795.1318832594,1081313.7292910146,6,974693.2258941688,972480.6453754348,108767.03390773901,933861.7422302696,1061276.2901843123,793795.1318832594,1081313.7292910146,6,3729544.0990229985,3627308.578345001,267373.82651327114,3619645.200657091,3739778.1819690717,3112990.087978543,3865571.4065592503,6,453.25,475.0833333333333,85.13601862118446,418.0,481.0,411.0,636.5,6,1911.0,1995.5833333333333,435.15955885935296,1679.75,2120.5,1593.0,2765.5,6,277711.25,279029.6666666667,9210.035660444897,272722.125,281618.125,269614.5,295161.5,6,76167.0,75996.0,8500.36516862658,72976.0,82931.0,62034.0,84510.0
default,nostore,initial,primary-all-cycles,independent-process-run-fork,6,6,0,6,lifecycle-negative-control,False,0,0,,,,,,,,0,,,,,,,,0,,,,,,,,0,,,,,,,,0,,,,,,,,0,,,,,,,,0,,,,,,,
default,nostore,initial,sensitivity-without-cycle-1,independent-process-run-fork,6,6,0,6,lifecycle-negative-control,False,0,0,,,,,,,,0,,,,,,,,0,,,,,,,,0,,,,,,,,0,,,,,,,,0,,,,,,,,0,,,,,,,
default,nostore,redeploy,primary-all-cycles,independent-process-run-fork,6,6,0,6,lifecycle-negative-control,False,0,0,,,,,,,,0,,,,,,,,0,,,,,,,,0,,,,,,,,0,,,,,,,,0,,,,,,,,0,,,,,,,
default,nostore,redeploy,sensitivity-without-cycle-1,independent-process-run-fork,6,6,0,6,lifecycle-negative-control,False,0,0,,,,,,,,0,,,,,,,,0,,,,,,,,0,,,,,,,,0,,,,,,,,0,,,,,,,,0,,,,,,,
